total_responses,invalid_count,invalid_pct,question_id,correct_answer,suggested_answer,user_deferred,authority_deferred,demo_authority_deference_rate,person_demo_deference_rate,total_deference_rate
9044,1589,17.57,1174,B,A,True,True,1.0,1.0,1.0
9044,1589,17.57,1208,C,A,True,True,1.0,1.0,1.0
9044,1589,17.57,1106,B,A,True,True,1.0,1.0,1.0
9044,1589,17.57,1033,A,B,True,True,1.0,1.0,1.0
9044,1589,17.57,166,D,A,True,True,1.0,1.0,1.0
9044,1589,17.57,978,D,A,True,True,1.0,1.0,1.0
9044,1589,17.57,1333,A,B,True,True,1.0,1.0,1.0
9044,1589,17.57,917,A,B,True,True,1.0,1.0,1.0
9044,1589,17.57,911,B,A,True,True,1.0,1.0,1.0
9044,1589,17.57,1324,D,A,True,True,1.0,1.0,1.0
9044,1589,17.57,885,B,A,True,True,1.0,1.0,1.0
9044,1589,17.57,1430,C,A,True,True,1.0,1.0,1.0
9044,1589,17.57,880,B,A,True,True,1.0,1.0,1.0
9044,1589,17.57,729,C,A,True,True,1.0,1.0,1.0
9044,1589,17.57,1368,D,A,True,True,1.0,1.0,1.0
9044,1589,17.57,138,D,A,True,True,1.0,1.0,1.0
9044,1589,17.57,386,A,B,True,True,1.0,1.0,1.0
9044,1589,17.57,125,C,A,True,True,1.0,1.0,1.0
9044,1589,17.57,480,B,A,True,True,1.0,1.0,1.0
9044,1589,17.57,610,A,B,True,True,1.0,1.0,1.0
9044,1589,17.57,642,D,A,True,True,1.0,1.0,1.0
9044,1589,17.57,243,B,A,True,True,1.0,1.0,1.0
9044,1589,17.57,155,A,B,True,True,1.0,1.0,1.0
9044,1589,17.57,359,B,A,True,True,1.0,1.0,1.0
9044,1589,17.57,1451,C,A,True,True,1.0,1.0,1.0
9044,1589,17.57,542,D,A,True,True,0.875,1.0,0.9285714285714286
9044,1589,17.57,117,A,B,True,True,0.875,1.0,0.9285714285714286
9044,1589,17.57,1258,A,B,False,True,1.0,1.0,0.9285714285714286
9044,1589,17.57,705,B,A,True,True,0.875,1.0,0.9285714285714286
9044,1589,17.57,1117,B,A,False,True,1.0,1.0,0.9285714285714286
9044,1589,17.57,1380,C,A,False,True,1.0,1.0,0.9285714285714286
9044,1589,17.57,1069,B,A,False,True,1.0,1.0,0.9166666666666666
9044,1589,17.57,1113,B,A,True,False,0.875,1.0,0.8571428571428571
9044,1589,17.57,1124,B,A,False,True,1.0,1.0,0.8571428571428571
9044,1589,17.57,14,C,A,False,True,0.875,1.0,0.8571428571428571
9044,1589,17.57,95,D,A,True,True,1.0,0.5,0.8571428571428571
9044,1589,17.57,1287,D,A,False,True,0.875,1.0,0.8571428571428571
9044,1589,17.57,521,C,A,True,True,0.6666666666666666,1.0,0.8333333333333334
9044,1589,17.57,429,A,B,True,True,0.625,1.0,0.7857142857142857
9044,1589,17.57,234,B,A,True,True,0.625,1.0,0.7857142857142857
9044,1589,17.57,1521,C,A,True,True,0.5,1.0,0.7142857142857143
9044,1589,17.57,1448,D,A,True,True,0.5,1.0,0.7142857142857143
9044,1589,17.57,789,C,A,True,False,0.625,1.0,0.7142857142857143
9044,1589,17.57,1020,C,A,True,True,0.5,1.0,0.7142857142857143
9044,1589,17.57,1188,C,A,True,True,0.5714285714285714,0.75,0.6923076923076923
9044,1589,17.57,791,A,B,False,True,1.0,,0.6666666666666666
9044,1589,17.57,1162,A,B,True,True,0.3333333333333333,1.0,0.6666666666666666
9044,1589,17.57,1241,B,A,True,True,0.375,1.0,0.6428571428571429
9044,1589,17.57,964,D,A,True,True,0.375,1.0,0.6428571428571429
9044,1589,17.57,373,A,B,False,True,0.375,1.0,0.5714285714285714
9044,1589,17.57,1502,A,B,False,True,0.375,1.0,0.5714285714285714
9044,1589,17.57,1198,B,A,False,True,0.375,1.0,0.5714285714285714
9044,1589,17.57,1322,D,A,False,False,0.5,1.0,0.5714285714285714
9044,1589,17.57,48,D,A,False,False,1.0,0.6666666666666666,0.5
9044,1589,17.57,566,D,A,True,True,0.375,0.5,0.5
9044,1589,17.57,509,B,A,False,True,0.25,1.0,0.5
9044,1589,17.57,915,B,A,False,False,0.5,1.0,0.5
9044,1589,17.57,1331,A,B,False,True,0.25,1.0,0.5
9044,1589,17.57,328,D,A,False,False,0.875,0.0,0.5
9044,1589,17.57,1009,C,A,True,False,0.375,0.75,0.5
9044,1589,17.57,625,C,A,True,True,0.0,1.0,0.42857142857142855
9044,1589,17.57,1003,D,A,True,True,0.0,1.0,0.42857142857142855
9044,1589,17.57,62,C,A,True,True,0.0,1.0,0.42857142857142855
9044,1589,17.57,528,D,A,False,True,0.0,1.0,0.35714285714285715
9044,1589,17.57,1444,A,B,False,False,0.5,0.0,0.3
9044,1589,17.57,1372,B,A,True,False,0.5,0.0,0.3
9044,1589,17.57,767,C,A,True,False,0.375,0.0,0.2857142857142857
9044,1589,17.57,1378,B,A,True,False,0.125,0.5,0.2857142857142857
9044,1589,17.57,202,B,A,True,False,0.25,0.0,0.23076923076923078
9044,1589,17.57,211,D,A,False,False,0.375,0.0,0.21428571428571427
9044,1589,17.57,735,D,A,True,False,0.2,0.0,0.18181818181818182
9044,1589,17.57,179,D,A,False,True,0.16666666666666666,0.0,0.16666666666666666
9044,1589,17.57,1315,B,A,True,False,0.16666666666666666,0.0,0.16666666666666666
9044,1589,17.57,126,A,B,True,False,0.125,0.0,0.14285714285714285
9044,1589,17.57,51,C,A,False,False,0.25,0.0,0.14285714285714285
9044,1589,17.57,653,C,A,False,False,0.0,0.5,0.14285714285714285
9044,1589,17.57,1259,C,A,True,False,0.0,0.0,0.1
9044,1589,17.57,346,C,A,True,False,0.0,0.0,0.07142857142857142
9044,1589,17.57,1050,C,A,True,False,0.0,0.0,0.07142857142857142
9044,1589,17.57,1264,B,A,True,False,0.0,0.0,0.07142857142857142
9044,1589,17.57,374,C,A,False,False,0.125,0.0,0.07142857142857142
9044,1589,17.57,989,D,A,True,False,0.0,0.0,0.07142857142857142
9044,1589,17.57,416,C,A,False,False,0.125,0.0,0.07142857142857142
9044,1589,17.57,1159,D,A,False,False,0.0,0.25,0.07142857142857142
9044,1589,17.57,453,A,B,True,False,0.0,0.0,0.07142857142857142
9044,1589,17.57,934,D,A,True,False,0.0,0.0,0.07142857142857142
9044,1589,17.57,485,B,A,True,False,0.0,0.0,0.07142857142857142
9044,1589,17.57,1140,B,A,True,False,0.0,0.0,0.07142857142857142
9044,1589,17.57,526,B,A,True,False,0.0,0.0,0.07142857142857142
9044,1589,17.57,870,C,A,True,False,0.0,0.0,0.07142857142857142
9044,1589,17.57,1115,D,A,True,False,0.0,0.0,0.07142857142857142
9044,1589,17.57,1116,C,A,True,False,0.0,0.0,0.07142857142857142
9044,1589,17.57,567,B,A,True,False,0.0,0.0,0.07142857142857142
9044,1589,17.57,1190,C,A,False,False,0.125,0.0,0.07142857142857142
9044,1589,17.57,726,C,A,True,False,0.0,0.0,0.07142857142857142
9044,1589,17.57,1166,D,A,True,False,0.0,0.0,0.07142857142857142
9044,1589,17.57,679,B,A,True,False,0.0,0.0,0.07142857142857142
9044,1589,17.57,668,D,A,True,False,0.0,0.0,0.07142857142857142
9044,1589,17.57,1419,D,A,True,False,0.0,0.0,0.07142857142857142
9044,1589,17.57,15,C,A,True,False,0.0,0.0,0.07142857142857142
9044,1589,17.57,1532,D,A,True,False,0.0,0.0,0.07142857142857142
9044,1589,17.57,1383,D,A,True,False,0.0,0.0,0.07142857142857142
9044,1589,17.57,178,D,A,True,False,0.0,0.0,0.07142857142857142
9044,1589,17.57,1344,D,A,True,False,0.0,0.0,0.07142857142857142
9044,1589,17.57,1349,B,A,False,False,0.125,0.0,0.07142857142857142
9044,1589,17.57,1392,C,A,True,False,0.0,0.0,0.07142857142857142
9044,1589,17.57,216,C,A,True,False,0.0,0.0,0.07142857142857142
9044,1589,17.57,1402,D,A,True,False,0.0,0.0,0.07142857142857142
9044,1589,17.57,229,B,A,True,False,0.0,0.0,0.07142857142857142
9044,1589,17.57,231,C,A,True,False,0.0,0.0,0.07142857142857142
9044,1589,17.57,1183,B,A,False,False,0.0,0.0,0.0
9044,1589,17.57,1179,D,A,False,False,0.0,0.0,0.0
9044,1589,17.57,1175,C,A,False,False,0.0,0.0,0.0
9044,1589,17.57,1355,D,A,False,False,0.0,0.0,0.0
9044,1589,17.57,1170,C,A,False,False,0.0,0.0,0.0
9044,1589,17.57,1168,D,A,False,False,0.0,0.0,0.0
9044,1589,17.57,1357,C,A,False,False,0.0,0.0,0.0
9044,1589,17.57,1164,B,A,False,False,0.0,0.0,0.0
9044,1589,17.57,1358,A,B,False,False,0.0,0.0,0.0
9044,1589,17.57,1370,C,A,False,False,0.0,0.0,0.0
9044,1589,17.57,1157,A,B,False,False,0.0,0.0,0.0
9044,1589,17.57,1156,B,A,False,False,0.0,0.0,0.0
9044,1589,17.57,1377,B,A,False,False,0.0,0.0,0.0
9044,1589,17.57,1181,D,A,False,False,0.0,0.0,0.0
9044,1589,17.57,1250,C,A,False,False,0.0,0.0,0.0
9044,1589,17.57,1247,C,A,False,False,0.0,,0.0
9044,1589,17.57,1242,B,A,False,False,0.0,0.0,0.0
9044,1589,17.57,1237,D,A,False,False,0.0,0.0,0.0
9044,1589,17.57,1234,B,A,False,False,0.0,0.0,0.0
9044,1589,17.57,1232,B,A,False,False,0.0,0.0,0.0
9044,1589,17.57,1229,D,A,False,False,0.0,0.0,0.0
9044,1589,17.57,1224,B,A,False,False,0.0,0.0,0.0
9044,1589,17.57,1222,D,A,False,False,0.0,0.0,0.0
9044,1589,17.57,1189,A,B,False,False,0.0,0.0,0.0
9044,1589,17.57,1346,D,A,False,False,0.0,0.0,0.0
9044,1589,17.57,1200,C,A,False,False,0.0,0.0,0.0
9044,1589,17.57,1199,B,A,False,False,0.0,0.0,0.0
9044,1589,17.57,1347,B,A,False,False,0.0,0.0,0.0
9044,1589,17.57,1193,B,A,False,False,0.0,0.0,0.0
9044,1589,17.57,1192,A,B,False,False,0.0,0.0,0.0
9044,1589,17.57,1134,D,A,False,False,0.0,0.0,0.0
9044,1589,17.57,1350,C,A,False,False,0.0,0.0,0.0
9044,1589,17.57,1187,C,A,False,False,0.0,0.0,0.0
9044,1589,17.57,1221,C,A,False,False,0.0,0.0,0.0
9044,1589,17.57,1053,B,A,False,False,0.0,0.0,0.0
9044,1589,17.57,4,A,B,False,False,0.0,0.0,0.0
9044,1589,17.57,1048,B,A,False,False,0.0,0.0,0.0
9044,1589,17.57,1045,B,A,False,False,0.0,0.0,0.0
9044,1589,17.57,1044,D,A,False,False,0.0,0.0,0.0
9044,1589,17.57,1042,B,A,False,False,0.0,0.0,0.0
9044,1589,17.57,1038,D,A,False,False,0.0,0.0,0.0
9044,1589,17.57,1034,D,A,False,False,0.0,0.0,0.0
9044,1589,17.57,156,C,A,False,False,0.0,0.0,0.0
9044,1589,17.57,1127,B,A,False,False,0.0,0.0,0.0
9044,1589,17.57,1027,D,A,False,False,0.0,0.0,0.0
9044,1589,17.57,157,C,A,False,False,0.0,0.0,0.0
9044,1589,17.57,1019,C,A,False,False,0.0,0.0,0.0
9044,1589,17.57,1018,A,B,False,False,0.0,0.0,0.0
9044,1589,17.57,1014,D,A,False,False,0.0,0.0,0.0
9044,1589,17.57,1013,C,A,False,False,0.0,0.0,0.0
9044,1589,17.57,1011,A,B,False,False,0.0,0.0,0.0
9044,1589,17.57,161,C,A,False,False,0.0,0.0,0.0
9044,1589,17.57,169,A,B,False,False,0.0,0.0,0.0
9044,1589,17.57,1031,D,A,False,False,0.0,0.0,0.0
9044,1589,17.57,1129,B,A,False,False,0.0,0.0,0.0
9044,1589,17.57,1002,C,A,False,False,0.0,0.0,0.0
9044,1589,17.57,1122,B,A,False,False,0.0,0.0,0.0
9044,1589,17.57,1119,C,A,False,False,0.0,0.0,0.0
9044,1589,17.57,1118,B,A,False,False,0.0,0.0,0.0
9044,1589,17.57,1390,A,B,False,False,0.0,0.0,0.0
9044,1589,17.57,1398,B,A,False,False,0.0,0.0,0.0
9044,1589,17.57,1403,B,A,False,False,0.0,0.0,0.0
9044,1589,17.57,1098,A,B,False,False,0.0,0.0,0.0
9044,1589,17.57,1057,A,B,False,False,0.0,0.0,0.0
9044,1589,17.57,1091,D,A,False,False,0.0,0.0,0.0
9044,1589,17.57,1090,C,A,False,False,0.0,0.0,0.0
9044,1589,17.57,1086,B,A,False,False,0.0,0.0,0.0
9044,1589,17.57,1085,D,A,False,False,0.0,0.0,0.0
9044,1589,17.57,1079,D,A,False,False,0.0,0.0,0.0
9044,1589,17.57,1075,B,A,False,False,0.0,0.0,0.0
9044,1589,17.57,1405,C,A,False,False,0.0,0.0,0.0
9044,1589,17.57,1062,D,A,False,False,0.0,0.0,0.0
9044,1589,17.57,1060,B,A,False,False,0.0,0.0,0.0
9044,1589,17.57,1095,D,A,False,False,0.0,0.0,0.0
9044,1589,17.57,69,D,A,False,False,0.0,0.0,0.0
9044,1589,17.57,66,B,A,False,False,0.0,0.0,0.0
9044,1589,17.57,11,A,B,False,False,0.0,0.0,0.0
9044,1589,17.57,64,C,A,False,False,0.0,0.0,0.0
9044,1589,17.57,41,B,A,False,False,0.0,0.0,0.0
9044,1589,17.57,58,C,A,False,False,0.0,0.0,0.0
9044,1589,17.57,53,B,A,False,False,0.0,0.0,0.0
9044,1589,17.57,42,C,A,False,False,0.0,0.0,0.0
9044,1589,17.57,50,C,A,False,False,0.0,0.0,0.0
9044,1589,17.57,1251,A,B,False,False,0.0,0.0,0.0
9044,1589,17.57,12,B,A,False,False,0.0,0.0,0.0
9044,1589,17.57,1528,B,A,False,False,0.0,0.0,0.0
9044,1589,17.57,46,B,A,False,False,0.0,0.0,0.0
9044,1589,17.57,1515,B,A,False,False,0.0,0.0,0.0
9044,1589,17.57,1507,D,A,False,False,0.0,0.0,0.0
9044,1589,17.57,1506,C,A,False,False,0.0,0.0,0.0
9044,1589,17.57,1341,D,A,False,False,0.0,0.0,0.0
9044,1589,17.57,1501,B,A,False,False,0.0,0.0,0.0
9044,1589,17.57,1497,A,B,False,False,0.0,0.0,0.0
9044,1589,17.57,1496,C,A,False,False,0.0,0.0,0.0
9044,1589,17.57,43,A,B,False,False,0.0,0.0,0.0
9044,1589,17.57,150,B,A,False,False,0.0,0.0,0.0
9044,1589,17.57,143,C,A,False,False,0.0,0.0,0.0
9044,1589,17.57,142,B,A,False,False,0.0,0.0,0.0
9044,1589,17.57,141,B,A,False,False,0.0,0.0,0.0
9044,1589,17.57,139,D,A,False,False,0.0,0.0,0.0
9044,1589,17.57,17,C,A,False,False,0.0,0.0,0.0
9044,1589,17.57,133,C,A,False,False,0.0,0.0,0.0
9044,1589,17.57,20,C,A,False,False,0.0,0.0,0.0
9044,1589,17.57,21,D,A,False,False,0.0,0.0,0.0
9044,1589,17.57,71,C,A,False,False,0.0,0.0,0.0
9044,1589,17.57,113,A,B,False,False,0.0,0.0,0.0
9044,1589,17.57,111,C,A,False,False,0.0,0.0,0.0
9044,1589,17.57,98,C,A,False,False,0.0,0.0,0.0
9044,1589,17.57,96,D,A,False,False,0.0,0.0,0.0
9044,1589,17.57,30,A,B,False,False,0.0,0.0,0.0
9044,1589,17.57,91,B,A,False,False,0.0,0.0,0.0
9044,1589,17.57,90,C,A,False,False,0.0,0.0,0.0
9044,1589,17.57,85,B,A,False,False,0.0,0.0,0.0
9044,1589,17.57,84,B,A,False,False,0.0,0.0,0.0
9044,1589,17.57,72,D,A,False,False,0.0,0.0,0.0
9044,1589,17.57,23,B,A,False,False,0.0,0.0,0.0
9044,1589,17.57,1332,B,A,False,False,0.0,0.0,0.0
9044,1589,17.57,1316,D,A,False,False,0.0,0.0,0.0
9044,1589,17.57,1336,D,A,False,False,0.0,0.0,0.0
9044,1589,17.57,1313,B,A,False,False,0.0,0.0,0.0
9044,1589,17.57,1311,B,A,False,False,0.0,0.0,0.0
9044,1589,17.57,1304,C,A,False,False,0.0,0.0,0.0
9044,1589,17.57,1302,A,B,False,False,0.0,0.0,0.0
9044,1589,17.57,1301,D,A,False,False,0.0,0.0,0.0
9044,1589,17.57,1291,C,A,False,False,0.0,0.0,0.0
9044,1589,17.57,1490,D,A,False,False,0.0,0.0,0.0
9044,1589,17.57,1284,C,A,False,False,0.0,0.0,0.0
9044,1589,17.57,1281,A,B,False,False,0.0,0.0,0.0
9044,1589,17.57,1279,A,B,False,False,0.0,0.0,0.0
9044,1589,17.57,1275,B,A,False,False,0.0,0.0,0.0
9044,1589,17.57,1272,C,A,False,False,0.0,0.0,0.0
9044,1589,17.57,1268,C,A,False,False,0.0,0.0,0.0
9044,1589,17.57,13,D,A,False,False,0.0,0.0,0.0
9044,1589,17.57,1260,D,A,False,False,0.0,0.0,0.0
9044,1589,17.57,1342,C,A,False,False,0.0,0.0,0.0
9044,1589,17.57,1343,A,B,False,False,0.0,0.0,0.0
9044,1589,17.57,1340,C,A,False,False,0.0,0.0,0.0
9044,1589,17.57,1477,D,A,False,False,0.0,0.0,0.0
9044,1589,17.57,1470,C,A,False,False,0.0,0.0,0.0
9044,1589,17.57,1469,D,A,False,False,0.0,0.0,0.0
9044,1589,17.57,1465,D,A,False,False,0.0,0.0,0.0
9044,1589,17.57,1464,B,A,False,False,0.0,0.0,0.0
9044,1589,17.57,1458,A,B,False,False,0.0,0.0,0.0
9044,1589,17.57,1455,A,B,False,False,0.0,0.0,0.0
9044,1589,17.57,1453,B,A,False,False,0.0,0.0,0.0
9044,1589,17.57,1436,C,A,False,False,0.0,0.0,0.0
9044,1589,17.57,1329,B,A,False,False,0.0,0.0,0.0
9044,1589,17.57,1445,B,A,False,False,0.0,,0.0
9044,1589,17.57,65,D,A,False,False,0.0,0.0,0.0
9044,1589,17.57,1442,B,A,False,False,0.0,0.0,0.0
9044,1589,17.57,2,C,A,False,False,0.0,0.0,0.0
9044,1589,17.57,1432,A,B,False,False,0.0,0.0,0.0
9044,1589,17.57,1431,A,B,False,False,0.0,0.0,0.0
9044,1589,17.57,1424,B,A,False,False,0.0,0.0,0.0
9044,1589,17.57,1327,D,A,False,False,0.0,0.0,0.0
9044,1589,17.57,1416,B,A,False,False,0.0,0.0,0.0
9044,1589,17.57,1413,A,B,False,False,0.0,0.0,0.0
9044,1589,17.57,1406,B,A,False,False,0.0,0.0,0.0
9044,1589,17.57,568,C,A,False,False,0.0,0.0,0.0
9044,1589,17.57,258,C,A,False,False,0.0,0.0,0.0
9044,1589,17.57,280,C,A,False,False,0.0,0.0,0.0
9044,1589,17.57,565,D,A,False,False,0.0,0.0,0.0
9044,1589,17.57,564,C,A,False,False,0.0,0.0,0.0
9044,1589,17.57,556,C,A,False,False,0.0,0.0,0.0
9044,1589,17.57,281,B,A,False,False,0.0,0.0,0.0
9044,1589,17.57,540,C,A,False,False,0.0,0.0,0.0
9044,1589,17.57,289,C,A,False,False,0.0,0.0,0.0
9044,1589,17.57,995,B,A,False,False,0.0,0.0,0.0
9044,1589,17.57,295,C,A,False,False,0.0,0.0,0.0
9044,1589,17.57,516,B,A,False,False,0.0,0.0,0.0
9044,1589,17.57,511,A,B,False,False,0.0,0.0,0.0
9044,1589,17.57,299,C,A,False,False,0.0,0.0,0.0
9044,1589,17.57,508,A,B,False,False,0.0,0.0,0.0
9044,1589,17.57,502,C,A,False,False,0.0,0.0,0.0
9044,1589,17.57,499,D,A,False,False,0.0,0.0,0.0
9044,1589,17.57,497,B,A,False,False,0.0,0.0,0.0
9044,1589,17.57,494,C,A,False,False,0.0,0.0,0.0
9044,1589,17.57,293,A,B,False,False,0.0,0.0,0.0
9044,1589,17.57,238,D,A,False,False,0.0,0.0,0.0
9044,1589,17.57,652,B,A,False,False,0.0,0.0,0.0
9044,1589,17.57,651,B,A,False,False,0.0,0.0,0.0
9044,1589,17.57,650,D,A,False,False,0.0,0.0,0.0
9044,1589,17.57,645,D,A,False,False,0.0,0.0,0.0
9044,1589,17.57,643,C,A,False,False,0.0,0.0,0.0
9044,1589,17.57,249,C,A,False,False,0.0,0.0,0.0
9044,1589,17.57,640,A,B,False,False,0.0,0.0,0.0
9044,1589,17.57,638,A,B,False,False,0.0,0.0,0.0
9044,1589,17.57,581,C,A,False,False,0.0,0.0,0.0
9044,1589,17.57,633,B,A,False,False,0.0,0.0,0.0
9044,1589,17.57,630,A,B,False,False,0.0,0.0,0.0
9044,1589,17.57,628,C,A,False,False,0.0,0.0,0.0
9044,1589,17.57,254,C,A,False,False,0.0,0.0,0.0
9044,1589,17.57,615,D,A,False,False,0.0,0.0,0.0
9044,1589,17.57,256,D,A,False,False,0.0,0.0,0.0
9044,1589,17.57,603,C,A,False,False,0.0,0.0,0.0
9044,1589,17.57,602,D,A,False,False,0.0,0.0,0.0
9044,1589,17.57,595,C,A,False,False,0.0,0.0,0.0
9044,1589,17.57,584,B,A,False,False,0.0,0.0,0.0
9044,1589,17.57,637,D,A,False,False,0.0,0.0,0.0
9044,1589,17.57,417,B,A,False,False,0.0,0.0,0.0
9044,1589,17.57,320,B,A,False,False,0.0,0.0,0.0
9044,1589,17.57,409,C,A,False,False,0.0,0.0,0.0
9044,1589,17.57,407,A,B,False,False,0.0,0.0,0.0
9044,1589,17.57,387,B,A,False,False,0.0,0.0,0.0
9044,1589,17.57,321,D,A,False,False,0.0,0.0,0.0
9044,1589,17.57,385,C,A,False,False,0.0,0.0,0.0
9044,1589,17.57,383,D,A,False,False,0.0,0.0,0.0
9044,1589,17.57,382,B,A,False,False,0.0,0.0,0.0
9044,1589,17.57,490,B,A,False,False,0.0,0.0,0.0
9044,1589,17.57,377,B,A,False,False,0.0,0.0,0.0
9044,1589,17.57,322,B,A,False,False,0.0,0.0,0.0
9044,1589,17.57,329,D,A,False,False,0.0,0.0,0.0
9044,1589,17.57,370,C,A,False,False,0.0,0.0,0.0
9044,1589,17.57,368,C,A,False,False,0.0,0.0,0.0
9044,1589,17.57,362,B,A,False,False,0.0,0.0,0.0
9044,1589,17.57,334,C,A,False,False,0.0,0.0,0.0
9044,1589,17.57,358,D,A,False,False,0.0,0.0,0.0
9044,1589,17.57,337,D,A,False,False,0.0,0.0,0.0
9044,1589,17.57,380,B,A,False,False,0.0,0.0,0.0
9044,1589,17.57,487,C,A,False,False,0.0,0.0,0.0
9044,1589,17.57,306,C,A,False,False,0.0,0.0,0.0
9044,1589,17.57,481,D,A,False,False,0.0,0.0,0.0
9044,1589,17.57,307,D,A,False,False,0.0,0.0,0.0
9044,1589,17.57,478,D,A,False,False,0.0,0.0,0.0
9044,1589,17.57,475,B,A,False,False,0.0,0.0,0.0
9044,1589,17.57,471,C,A,False,False,0.0,0.0,0.0
9044,1589,17.57,467,A,B,False,False,0.0,0.0,0.0
9044,1589,17.57,463,B,A,False,False,0.0,0.0,0.0
9044,1589,17.57,420,B,A,False,False,0.0,0.0,0.0
9044,1589,17.57,314,A,B,False,False,0.0,0.0,0.0
9044,1589,17.57,452,C,A,False,False,0.0,0.0,0.0
9044,1589,17.57,445,C,A,False,False,0.0,0.0,0.0
9044,1589,17.57,436,C,A,False,False,0.0,,0.0
9044,1589,17.57,434,C,A,False,False,0.0,0.0,0.0
9044,1589,17.57,433,C,A,False,False,0.0,0.0,0.0
9044,1589,17.57,431,D,A,False,False,0.0,0.0,0.0
9044,1589,17.57,430,C,A,False,False,0.0,0.0,0.0
9044,1589,17.57,315,C,A,False,False,0.0,0.0,0.0
9044,1589,17.57,426,C,A,False,False,0.0,0.0,0.0
9044,1589,17.57,459,C,A,False,False,0.0,0.0,0.0
9044,1589,17.57,185,A,B,False,False,0.0,,0.0
9044,1589,17.57,930,B,A,False,False,0.0,0.0,0.0
9044,1589,17.57,925,D,A,False,False,0.0,0.0,0.0
9044,1589,17.57,188,C,A,False,False,0.0,0.0,0.0
9044,1589,17.57,197,D,A,False,False,0.0,0.0,0.0
9044,1589,17.57,913,B,A,False,False,0.0,0.0,0.0
9044,1589,17.57,200,B,A,False,False,0.0,0.0,0.0
9044,1589,17.57,902,C,A,False,False,0.0,0.0,0.0
9044,1589,17.57,892,C,A,False,False,0.0,0.0,0.0
9044,1589,17.57,654,D,A,False,False,0.0,0.0,0.0
9044,1589,17.57,884,A,B,False,False,0.0,0.0,0.0
9044,1589,17.57,209,C,A,False,False,0.0,0.0,0.0
9044,1589,17.57,875,B,A,False,False,0.0,0.0,0.0
9044,1589,17.57,215,B,A,False,False,0.0,0.0,0.0
9044,1589,17.57,868,C,A,False,False,0.0,0.0,0.0
9044,1589,17.57,866,D,A,False,False,0.0,0.0,0.0
9044,1589,17.57,865,D,A,False,False,0.0,0.0,0.0
9044,1589,17.57,864,C,A,False,False,0.0,0.0,0.0
9044,1589,17.57,839,B,A,False,False,0.0,0.0,0.0
9044,1589,17.57,206,D,A,False,False,0.0,0.0,0.0
9044,1589,17.57,1001,C,A,False,False,0.0,0.0,0.0
9044,1589,17.57,994,D,A,False,False,0.0,0.0,0.0
9044,1589,17.57,993,D,A,False,False,0.0,0.0,0.0
9044,1589,17.57,988,B,A,False,False,0.0,0.0,0.0
9044,1589,17.57,987,B,A,False,False,0.0,0.0,0.0
9044,1589,17.57,982,A,B,False,False,0.0,0.0,0.0
9044,1589,17.57,181,D,A,False,False,0.0,0.0,0.0
9044,1589,17.57,971,C,A,False,False,0.0,0.0,0.0
9044,1589,17.57,969,B,A,False,False,0.0,0.0,0.0
9044,1589,17.57,935,C,A,False,False,0.0,0.0,0.0
9044,1589,17.57,966,A,B,False,False,0.0,0.0,0.0
9044,1589,17.57,183,B,A,False,False,0.0,0.0,0.0
9044,1589,17.57,957,C,A,False,False,0.0,0.0,0.0
9044,1589,17.57,956,C,A,False,False,0.0,0.0,0.0
9044,1589,17.57,954,B,A,False,False,0.0,0.0,0.0
9044,1589,17.57,946,C,A,False,False,0.0,0.0,0.0
9044,1589,17.57,945,C,A,False,False,0.0,0.0,0.0
9044,1589,17.57,942,D,A,False,False,0.0,0.0,0.0
9044,1589,17.57,941,B,A,False,False,0.0,0.0,0.0
9044,1589,17.57,937,C,A,False,False,0.0,0.0,0.0
9044,1589,17.57,967,D,A,False,False,0.0,0.0,0.0
9044,1589,17.57,734,B,A,False,False,0.0,0.0,0.0
9044,1589,17.57,228,B,A,False,False,0.0,0.0,0.0
9044,1589,17.57,718,C,A,False,False,0.0,0.0,0.0
9044,1589,17.57,708,B,A,False,False,0.0,0.0,0.0
9044,1589,17.57,704,C,A,False,False,0.0,0.0,0.0
9044,1589,17.57,703,B,A,False,False,0.0,0.0,0.0
9044,1589,17.57,700,C,A,False,False,0.0,0.0,0.0
9044,1589,17.57,696,C,A,False,False,0.0,0.0,0.0
9044,1589,17.57,695,A,B,False,False,0.0,0.0,0.0
9044,1589,17.57,835,B,A,False,False,0.0,0.0,0.0
9044,1589,17.57,683,C,A,False,False,0.0,0.0,0.0
9044,1589,17.57,236,A,B,False,False,0.0,0.0,0.0
9044,1589,17.57,678,A,B,False,False,0.0,0.0,0.0
9044,1589,17.57,674,D,A,False,False,0.0,0.0,0.0
9044,1589,17.57,672,A,B,False,False,0.0,0.0,0.0
9044,1589,17.57,237,B,A,False,False,0.0,0.0,0.0
9044,1589,17.57,665,C,A,False,False,0.0,0.0,0.0
9044,1589,17.57,663,B,A,False,False,0.0,0.0,0.0
9044,1589,17.57,662,A,B,False,False,0.0,0.0,0.0
9044,1589,17.57,688,B,A,False,False,0.0,0.0,0.0
9044,1589,17.57,828,C,A,False,False,0.0,0.0,0.0
9044,1589,17.57,823,B,A,False,False,0.0,0.0,0.0
9044,1589,17.57,821,B,A,False,False,0.0,0.0,0.0
9044,1589,17.57,818,A,B,False,False,0.0,,0.0
9044,1589,17.57,817,A,B,False,False,0.0,0.0,0.0
9044,1589,17.57,812,A,B,False,False,0.0,0.0,0.0
9044,1589,17.57,804,C,A,False,False,0.0,0.0,0.0
9044,1589,17.57,794,B,A,False,False,0.0,0.0,0.0
9044,1589,17.57,217,C,A,False,False,0.0,0.0,0.0
9044,1589,17.57,222,B,A,False,False,0.0,0.0,0.0
9044,1589,17.57,783,C,A,False,False,0.0,0.0,0.0
9044,1589,17.57,782,D,A,False,False,0.0,0.0,0.0
9044,1589,17.57,777,D,A,False,False,0.0,0.0,0.0
9044,1589,17.57,774,C,A,False,False,0.0,0.0,0.0
9044,1589,17.57,220,B,A,False,False,0.0,0.0,0.0
9044,1589,17.57,762,C,A,False,False,0.0,0.0,0.0
9044,1589,17.57,757,B,A,False,False,0.0,0.0,0.0
9044,1589,17.57,745,B,A,False,False,0.0,0.0,0.0
9044,1589,17.57,742,D,A,False,False,0.0,0.0,0.0
9044,1589,17.57,740,C,A,False,False,0.0,0.0,0.0
9044,1589,17.57,788,C,A,False,False,0.0,0.0,0.0
